timestamp,open,high,low,close,volume,spread
2024-09-01,2502.73,2504.77,2501.86,2503.09,2.3386,0.444
2024-09-02,2503.08,2507.305,2490.125,2497.35,61.8905,0.397
2024-09-03,2497.334,2506.35,2473.444,2493.35,103.9068,0.39
2024-09-04,2493.31,2500.355,2471.872,2495.915,104.4795,0.397
2024-09-05,2495.976,2523.562,2493.878,2517.338,99.4913,0.388
2024-09-06,2517.37,2529.305,2485.2,2497.42,129.6227,0.392
2024-09-08,2498.0,2498.364,2495.62,2496.95,3.7127,0.445
2024-09-09,2496.98,2507.74,2485.63,2506.835,112.5319,0.384
2024-09-10,2506.87,2518.902,2500.204,2518.75,94.1237,0.391
2024-09-11,2518.722,2529.085,2501.024,2512.0,144.7924,0.403
2024-09-12,2511.984,2560.146,2511.085,2558.544,117.8702,0.4
2024-09-13,2558.54,2586.145,2556.83,2578.015,139.3679,0.405
2024-09-15,2579.02,2580.75,2577.618,2579.205,4.516,0.453
2024-09-16,2579.2,2589.695,2575.335,2583.775,104.5015,0.405
2024-09-17,2583.77,2587.03,2560.984,2574.095,117.9237,0.374
2024-09-18,2574.085,2600.256,2546.88,2559.354,142.3931,0.398
2024-09-19,2559.359,2594.915,2551.224,2587.326,167.5906,0.396
2024-09-20,2587.32,2625.774,2584.854,2622.1,162.4132,0.39
2024-09-22,2621.2,2622.95,2618.384,2620.35,4.2336,0.328
2024-09-23,2620.345,2634.905,2613.9,2626.405,138.8958,0.396
2024-09-24,2626.42,2664.39,2622.695,2658.248,158.4242,0.401
2024-09-25,2658.26,2670.575,2649.844,2656.405,124.0263,0.379
2024-09-26,2656.414,2685.595,2654.868,2672.705,162.9364,0.399
2024-09-27,2672.69,2674.314,2643.252,2658.425,191.2396,0.42
2024-09-29,2658.47,2665.116,2657.32,2663.616,6.4088,0.451
2024-09-30,2663.636,2666.036,2624.78,2635.764,147.7442,0.416
2024-10-01,2635.79,2673.162,2634.014,2660.406,115.7717,0.406
2024-10-02,2660.395,2663.418,2641.164,2660.335,101.1679,0.395
2024-10-03,2660.345,2663.005,2637.444,2655.84,94.2514,0.4
2024-10-04,2655.87,2670.204,2632.187,2653.78,104.196,0.407
2024-10-06,2651.338,2652.846,2649.375,2650.26,4.3438,0.44
2024-10-07,2650.295,2659.675,2637.826,2643.08,100.3972,0.396
2024-10-08,2643.1,2652.994,2604.78,2622.055,155.8924,0.404
2024-10-09,2622.04,2624.385,2605.205,2608.848,112.4127,0.392
2024-10-10,2607.135,2636.074,2602.478,2633.215,157.2695,0.405
2024-10-11,2633.26,2661.456,2632.134,2657.365,93.5952,0.397
2024-10-13,2657.1,2657.338,2645.31,2648.085,6.2154,0.511
2024-10-14,2648.155,2666.91,2643.255,2649.485,79.9068,0.401
2024-10-15,2649.47,2668.975,2638.145,2660.545,119.8067,0.392
2024-10-16,2660.47,2685.426,2658.762,2674.156,110.2891,0.391
2024-10-17,2674.225,2696.79,2673.183,2693.855,124.6992,0.393
2024-10-18,2693.87,2722.61,2692.915,2721.6,132.2822,0.389
2024-10-20,2720.9,2725.155,2719.746,2723.535,3.7478,0.451
2024-10-21,2723.615,2740.627,2714.328,2721.524,132.9242,0.4
2024-10-22,2721.534,2749.045,2720.725,2746.586,119.4138,0.394
2024-10-23,2746.575,2758.527,2708.82,2721.391,146.3648,0.391
2024-10-24,2721.385,2743.364,2717.914,2733.866,132.8541,0.389
2024-10-25,2733.851,2747.95,2717.085,2747.42,116.6407,0.388
2024-10-27,2736.5,2740.315,2730.36,2735.885,6.5168,0.428
2024-10-28,2735.905,2745.966,2724.77,2744.49,126.4259,0.396
2024-10-29,2744.52,2775.515,2743.345,2775.104,136.2429,0.391
2024-10-30,2775.145,2790.08,2770.95,2785.41,136.7575,0.393
2024-10-31,2785.418,2790.16,2731.63,2746.755,147.2541,0.394
2024-11-01,2746.765,2762.266,2733.26,2736.4,155.1981,0.389
2024-11-03,2734.2,2740.435,2730.451,2738.46,3.6735,0.532
2024-11-04,2738.435,2748.235,2731.81,2736.075,118.4222,0.399
2024-11-05,2736.1,2750.04,2724.82,2745.705,126.5504,0.389
2024-11-06,2745.7,2749.72,2652.49,2664.105,227.3773,0.4
2024-11-07,2664.115,2710.438,2643.4,2706.986,171.0476,0.4
2024-11-08,2706.955,2710.43,2680.385,2684.32,151.6297,0.401
2024-11-10,2684.8,2685.8,2679.422,2685.71,1.9827,0.451
2024-11-11,2685.735,2686.239,2610.706,2624.083,159.5451,0.4
2024-11-12,2624.085,2627.205,2589.706,2598.98,139.537,0.389
2024-11-13,2599.015,2618.896,2569.39,2570.935,154.6098,0.395
2024-11-14,2570.936,2577.51,2536.87,2566.985,204.6414,0.412
2024-11-15,2566.965,2576.126,2554.538,2563.2,188.0655,0.41
2024-11-17,2564.882,2575.512,2564.39,2571.47,4.5421,0.394
2024-11-18,2571.465,2615.145,2569.92,2612.66,142.0662,0.386
2024-11-19,2612.69,2639.51,2611.109,2635.205,158.8283,0.382
2024-11-20,2635.2,2655.45,2618.905,2652.265,141.5646,0.387
2024-11-21,2652.28,2673.585,2650.49,2669.192,134.2282,0.396
2024-11-22,2669.186,2716.551,2668.891,2716.33,167.1776,0.384
2024-11-24,2714.138,2721.425,2691.301,2719.92,5.7496,0.513
2024-11-25,2719.875,2720.2,2605.348,2610.635,178.9428,0.412
2024-11-26,2610.64,2641.975,2608.742,2632.315,160.7478,0.41
2024-11-27,2632.35,2658.312,2627.145,2637.156,151.3081,0.419
2024-11-28,2637.176,2649.72,2620.996,2638.835,85.8997,0.404
2024-11-29,2638.82,2666.4,2634.124,2650.184,109.6761,0.408
2024-12-01,2653.988,2654.008,2643.16,2645.805,3.189,0.488
2024-12-02,2645.891,2651.832,2622.052,2642.305,152.5052,0.399
2024-12-03,2642.34,2655.666,2634.158,2642.8,162.0257,0.403
2024-12-04,2642.805,2657.167,2632.47,2650.422,155.4426,0.399
2024-12-05,2650.446,2655.638,2623.59,2633.85,135.3972,0.393
2024-12-06,2633.855,2645.758,2613.116,2633.395,136.6036,0.412
2024-12-08,2647.062,2648.41,2636.366,2640.12,4.3673,0.416
2024-12-09,2640.115,2676.47,2627.615,2660.615,151.6884,0.38
2024-12-10,2660.605,2698.47,2658.035,2696.092,133.3031,0.416
2024-12-11,2696.1,2721.29,2675.346,2720.16,211.7313,0.758
2024-12-12,2719.36,2725.93,2675.203,2680.754,188.5955,0.632
2024-12-13,2680.784,2692.875,2646.208,2648.355,158.8872,0.519
2024-12-15,2650.0,2653.123,2648.756,2651.574,1.9417,0.538
2024-12-16,2651.544,2664.476,2643.588,2651.8,127.009,0.483
2024-12-17,2651.804,2658.705,2633.098,2647.492,148.1769,0.462
2024-12-18,2647.475,2651.8,2582.884,2588.272,195.4429,0.459
2024-12-19,2588.276,2626.545,2587.01,2593.605,176.1911,0.47
2024-12-20,2593.595,2631.886,2589.69,2623.36,152.0493,0.475
2024-12-22,2624.075,2624.885,2621.638,2624.432,1.5985,0.564
2024-12-23,2624.495,2633.35,2608.25,2615.616,131.3809,0.486
2024-12-24,2615.647,2621.49,2610.118,2616.775,78.8054,0.499
2024-12-25,2619.825,2620.208,2615.096,2618.635,1.1952,0.983
2024-12-26,2618.645,2639.19,2618.57,2632.656,99.4846,0.531
2024-12-27,2632.616,2638.405,2611.692,2621.502,98.7053,0.492
2024-12-29,2620.634,2626.345,2619.35,2624.1,1.4766,0.695
2024-12-30,2624.178,2628.18,2596.128,2606.782,127.5281,0.531
2024-12-31,2606.739,2627.573,2602.718,2624.525,104.6137,0.479
2025-01-01,2625.845,2626.325,2621.785,2623.845,1.3087,0.592
2025-01-02,2623.904,2660.54,2622.752,2658.525,143.0749,0.479
2025-01-03,2658.486,2665.388,2636.828,2640.225,125.1168,0.48
2025-01-05,2640.1,2642.518,2639.109,2641.101,1.6452,0.521
2025-01-06,2641.095,2649.53,2614.696,2634.71,146.6307,0.493
2025-01-07,2634.756,2664.346,2633.024,2649.85,135.7151,0.494
2025-01-08,2649.705,2670.024,2645.36,2662.72,145.4911,0.501
2025-01-09,2662.715,2678.574,2655.555,2670.05,118.5245,0.533
2025-01-10,2670.095,2698.107,2663.92,2690.45,180.0021,0.615
2025-01-12,2690.95,2691.272,2687.572,2691.256,1.9752,0.812
2025-01-13,2691.22,2693.49,2656.82,2668.005,177.2419,0.547
2025-01-14,2668.0,2679.912,2659.894,2675.668,138.4697,0.524
2025-01-15,2675.688,2698.34,2669.493,2695.015,142.3967,0.485
2025-01-16,2695.045,2724.833,2689.98,2714.66,157.2985,0.53
2025-01-17,2714.614,2717.493,2699.025,2703.248,121.8906,0.498
2025-01-19,2702.678,2703.28,2691.35,2696.49,2.8867,0.894
2025-01-20,2696.425,2713.88,2689.48,2710.485,88.9154,0.633
2025-01-21,2710.472,2746.185,2702.895,2744.326,116.0634,0.529
2025-01-22,2744.362,2763.43,2742.7,2755.575,106.0486,0.515
2025-01-23,2755.475,2758.92,2735.895,2754.595,148.2167,0.483
2025-01-24,2754.604,2786.045,2754.325,2770.745,128.2475,0.491
2025-01-26,2770.85,2771.25,2765.004,2767.58,2.6134,0.857
2025-01-27,2767.585,2772.7,2730.697,2741.84,112.5333,0.509
2025-01-28,2741.83,2765.12,2734.916,2762.82,89.6385,0.487
2025-01-29,2762.835,2766.245,2745.056,2760.305,131.8441,0.49
2025-01-30,2760.29,2798.515,2758.735,2796.265,129.7709,0.567
2025-01-31,2796.246,2817.16,2791.112,2799.05,137.8353,0.555
2025-02-02,2794.62,2804.9,2784.7,2793.73,5.2144,2.58
2025-02-03,2793.625,2830.938,2772.225,2813.986,149.1406,0.636
2025-02-04,2813.995,2845.57,2807.205,2841.394,135.8409,0.536
2025-02-05,2841.548,2882.47,2839.705,2869.24,99.656,0.556
2025-02-06,2869.235,2873.36,2834.21,2858.11,114.2839,0.516
2025-02-07,2858.12,2886.835,2852.48,2860.765,102.7968,0.535
2025-02-09,2859.025,2870.48,2855.225,2867.562,1.9507,0.771
2025-02-10,2867.586,2921.754,2865.836,2917.925,117.3767,0.543
2025-02-11,2917.955,2942.905,2881.885,2898.685,126.6328,0.595
2025-02-12,2898.724,2909.315,2864.144,2905.806,110.6847,0.544
2025-02-13,2905.812,2932.504,2901.502,2931.225,97.1862,0.529
2025-02-14,2931.18,2940.149,2877.04,2882.65,113.5536,0.537
2025-02-16,2882.705,2894.112,2878.598,2879.36,2.9439,1.12
2025-02-17,2879.38,2906.48,2879.38,2899.42,73.8942,0.564
2025-02-18,2899.38,2937.06,2892.095,2934.072,100.1168,0.55
2025-02-19,2934.062,2947.115,2918.63,2935.38,101.192,0.533
2025-02-20,2935.588,2954.995,2924.185,2941.615,82.0955,0.543
2025-02-21,2941.65,2949.878,2916.845,2935.704,100.6957,0.533
2025-02-23,2935.775,2940.486,2934.025,2936.955,2.0657,0.872
2025-02-24,2936.855,2956.25,2921.405,2950.055,118.1072,0.552
2025-02-25,2950.005,2952.68,2888.338,2918.66,134.5024,0.526
2025-02-26,2918.744,2930.294,2890.802,2919.245,106.5209,0.514
2025-02-27,2919.235,2919.235,2867.875,2876.06,133.3666,0.561
2025-02-28,2876.07,2885.228,2832.698,2857.6,123.6646,0.551
2025-03-02,2855.84,2877.27,2855.675,2870.972,4.8296,0.603
2025-03-03,2870.932,2895.265,2858.98,2890.94,95.1246,0.523
2025-03-04,2890.92,2927.905,2881.932,2914.4,121.4828,0.564
2025-03-05,2914.43,2929.996,2894.32,2918.458,157.4795,0.582
2025-03-06,2918.445,2926.674,2891.16,2910.372,126.3374,0.559
2025-03-07,2910.346,2930.44,2896.471,2909.9,90.357,0.554
2025-03-09,2911.75,2916.946,2909.73,2916.206,3.2155,0.605
2025-03-10,2916.221,2918.415,2880.255,2884.779,140.7186,0.563
2025-03-11,2884.77,2922.276,2880.245,2915.456,105.2204,0.524
2025-03-12,2915.476,2940.632,2906.03,2938.17,122.1067,0.54
2025-03-13,2938.155,2990.068,2932.986,2986.5,112.6513,0.528
2025-03-14,2986.48,3004.984,2978.445,2984.72,107.903,0.559
2025-03-16,2985.205,2994.245,2983.326,2990.15,3.7925,0.585
2025-03-17,2990.145,3002.948,2982.265,2999.832,94.0774,0.565
2025-03-18,2999.826,3038.351,2999.475,3031.786,105.1628,0.554
2025-03-19,3031.805,3052.042,3022.745,3050.15,95.7114,0.586
2025-03-20,3050.175,3057.57,3025.69,3046.528,111.6949,0.558
2025-03-21,3046.534,3047.568,2999.502,3023.52,96.5718,0.546
2025-03-23,3021.15,3026.35,3020.925,3024.805,1.9823,0.635
2025-03-24,3024.636,3033.395,3002.445,3009.92,105.8885,0.546
2025-03-25,3009.94,3036.104,3007.61,3021.07,91.7938,0.548
2025-03-26,3021.055,3032.115,3012.39,3021.698,89.3139,0.529
2025-03-27,3021.685,3059.759,3021.678,3055.615,92.7592,0.561
2025-03-28,3055.505,3086.955,3054.98,3085.3,97.0679,0.546
2025-03-30,3087.3,3097.94,3085.95,3089.186,3.922,0.601
2025-03-31,3089.16,3128.125,3076.85,3120.636,95.1984,0.549
2025-04-01,3120.58,3149.094,3100.915,3115.306,106.6134,0.54
2025-04-02,3115.312,3167.785,3104.788,3162.818,92.8126,0.656
2025-04-03,3162.805,3164.864,3054.118,3112.945,121.8041,0.587
2025-04-04,3112.958,3137.005,3015.744,3038.425,127.1605,0.628
2025-04-06,3007.508,3033.44,2977.218,2999.966,13.0103,1.649
2025-04-07,2999.982,3055.6,2956.575,2981.38,155.8904,0.758
2025-04-08,2981.29,3022.82,2969.9,2978.555,103.7071,0.633
2025-04-09,2978.725,3099.795,2972.405,3086.87,141.9771,0.734
2025-04-10,3086.847,3191.365,3078.495,3189.065,119.4987,0.679
2025-04-11,3189.045,3245.4,3185.07,3237.46,113.0962,0.74
2025-04-13,3230.15,3230.175,3210.11,3223.865,6.8508,0.944
2025-04-14,3223.895,3245.91,3193.68,3212.69,82.3945,0.668
2025-04-15,3212.665,3251.99,3210.085,3251.98,57.5615,0.598
2025-04-16,3251.975,3357.82,3251.78,3350.165,98.2646,0.622
2025-04-17,3350.2,3356.48,3283.895,3327.415,76.1387,0.632
2025-04-20,3332.72,3353.55,3328.805,3348.3,6.7407,0.739
2025-04-21,3348.605,3444.535,3347.625,3435.004,84.855,0.641
2025-04-22,3435.036,3500.215,3313.095,3336.755,119.9354,0.723
2025-04-23,3336.785,3386.755,3260.125,3316.48,97.9428,0.738
2025-04-24,3316.5,3370.835,3306.655,3349.08,92.1751,0.772
2025-04-25,3349.07,3363.215,3265.16,3319.645,84.2273,0.696
2025-04-27,3324.315,3336.955,3298.62,3302.79,7.4393,0.968
2025-04-28,3302.86,3353.17,3268.2,3337.71,77.7971,0.775
2025-04-29,3337.67,3340.125,3299.66,3317.14,64.4273,0.68
2025-04-30,3317.19,3328.23,3267.065,3273.09,99.3564,0.815
2025-05-01,3273.095,3276.64,3202.0,3237.38,105.3386,0.844
2025-05-02,3237.482,3269.25,3222.8,3240.43,79.113,0.774
2025-05-04,3240.08,3252.51,3237.575,3248.11,6.872,0.907
2025-05-05,3248.14,3337.888,3241.26,3334.19,79.4172,0.763
2025-05-06,3334.09,3438.48,3322.402,3400.805,143.2517,0.825
2025-05-07,3400.915,3401.585,3360.16,3376.435,97.122,0.745
2025-05-08,3376.532,3414.905,3288.835,3316.44,143.4138,0.827
2025-05-09,3316.46,3347.665,3274.72,3324.245,89.9701,0.673
2025-05-11,3272.57,3295.605,3265.96,3287.675,10.098,1.147
2025-05-12,3287.73,3289.838,3207.8,3236.895,100.558,0.718
2025-05-13,3236.94,3265.69,3215.93,3254.35,77.674,0.655
2025-05-14,3254.475,3254.695,3167.93,3186.17,117.4322,0.777
2025-05-15,3186.125,3252.355,3120.65,3237.2,120.1505,0.787
2025-05-16,3237.17,3244.665,3154.05,3203.12,101.118,0.817
2025-05-18,3219.415,3245.44,3206.53,3234.885,13.2382,0.821
2025-05-19,3234.915,3249.88,3206.6,3222.55,75.8388,0.69
2025-05-20,3222.58,3304.265,3204.59,3290.865,89.7738,0.674
2025-05-21,3290.815,3324.976,3285.49,3320.168,93.1393,0.643
2025-05-22,3320.288,3345.536,3279.26,3300.076,94.9707,0.636
2025-05-23,3300.115,3366.026,3287.134,3357.67,87.408,0.643
2025-05-25,3356.516,3356.516,3341.205,3342.65,6.0553,0.674
2025-05-26,3342.714,3356.896,3323.725,3346.274,45.3308,0.698
2025-05-27,3346.258,3350.062,3285.03,3309.472,71.2391,0.633
2025-05-28,3309.475,3325.685,3250.235,3259.926,75.5799,0.661
2025-05-29,3259.826,3331.235,3245.575,3315.694,92.1777,0.629
2025-05-30,3315.735,3322.842,3271.54,3289.365,76.4427,0.643
2025-06-01,3298.72,3316.8,3295.886,3310.244,5.2107,0.705
2025-06-02,3310.305,3392.285,3301.524,3387.55,93.2002,0.624
2025-06-03,3387.564,3388.775,3333.04,3359.992,83.6445,0.631
2025-06-04,3359.994,3384.798,3343.796,3378.24,80.1117,0.615
2025-06-05,3378.17,3403.51,3339.486,3361.925,87.6822,0.636
2025-06-06,3361.842,3375.675,3307.205,3310.66,90.5111,0.604
2025-06-08,3312.348,3321.33,3309.31,3318.116,3.4425,0.679
2025-06-09,3318.204,3338.265,3293.625,3326.854,79.0944,0.572
2025-06-10,3326.864,3349.185,3301.942,3328.029,83.5476,0.585
2025-06-11,3328.064,3373.535,3319.59,3365.558,71.0163,0.596
2025-06-12,3365.495,3399.04,3338.768,3395.895,87.8305,0.593
2025-06-13,3395.775,3446.896,3391.82,3432.55,111.6846,0.571
2025-06-15,3451.89,3451.89,3428.938,3444.284,6.3594,0.646
2025-06-16,3444.252,3451.394,3382.845,3402.912,80.747,0.574
2025-06-17,3402.934,3403.351,3366.194,3387.454,67.987,0.579
2025-06-18,3387.326,3400.13,3362.695,3375.168,74.7864,0.611
2025-06-19,3375.188,3388.122,3347.583,3368.885,57.4618,0.581
2025-06-20,3368.918,3374.558,3340.438,3368.635,50.5357,0.554
2025-06-22,3390.748,3397.275,3371.232,3372.826,5.3794,0.738
2025-06-23,3372.79,3393.572,3341.46,3344.312,62.5695,0.591
2025-06-24,3344.412,3357.935,3295.435,3324.284,66.304,0.574
2025-06-25,3324.264,3340.288,3311.985,3339.078,50.4225,0.56
2025-06-26,3339.094,3350.365,3309.998,3318.792,60.7146,0.627
2025-06-27,3318.695,3322.149,3255.805,3274.285,64.0267,0.567
2025-06-29,3272.93,3282.025,3247.338,3263.868,4.913,0.717
2025-06-30,3263.854,3314.676,3259.515,3312.575,69.4722,0.547
2025-07-01,3312.537,3358.16,3309.95,3338.164,73.9738,0.553
2025-07-02,3338.194,3365.785,3327.58,3349.406,62.4277,0.558
2025-07-03,3349.434,3363.798,3311.609,3330.922,70.2088,0.549
2025-07-04,3330.85,3345.165,3325.91,3336.587,36.8352,0.598
2025-07-06,3334.71,3342.851,3326.384,3328.994,2.6847,0.626
2025-07-07,3329.008,3345.912,3296.44,3334.725,99.409,0.55
2025-07-08,3334.722,3339.565,3287.204,3302.325,76.4497,0.58
2025-07-09,3302.33,3321.254,3282.688,3317.739,71.8564,0.555
2025-07-10,3317.748,3330.34,3310.195,3323.845,58.8483,0.541
2025-07-11,3323.795,3368.717,3323.635,3355.82,98.9719,0.639
2025-07-13,3363.875,3374.18,3359.667,3367.806,5.434,1.071
2025-07-14,3367.792,3375.083,3341.085,3345.351,60.1454,0.581
2025-07-15,3345.345,3366.426,3320.298,3331.092,57.3411,0.547
2025-07-16,3331.13,3377.62,3319.726,3346.575,79.4735,0.582
2025-07-17,3346.522,3347.46,3309.84,3340.355,64.6827,0.532
2025-07-18,3340.378,3361.315,3331.93,3350.33,52.9485,0.527
2025-07-20,3350.325,3350.572,3345.125,3349.176,1.2986,0.677
2025-07-21,3349.145,3402.838,3347.726,3396.562,66.2643,0.538
2025-07-22,3396.572,3433.497,3383.358,3427.5,66.6461,0.548
2025-07-23,3427.475,3439.044,3381.465,3390.085,85.288,0.573
2025-07-24,3390.138,3393.5,3351.485,3369.452,87.1186,0.588
2025-07-25,3369.45,3373.535,3325.07,3336.81,66.0772,0.537
2025-07-27,3317.572,3337.535,3317.572,3333.682,3.9888,0.649
2025-07-28,3333.68,3345.445,3301.79,3312.68,58.1683,0.543
2025-07-29,3312.66,3334.206,3308.109,3327.542,53.6805,0.543
2025-07-30,3327.525,3334.075,3268.165,3285.364,85.1477,0.539
2025-07-31,3285.348,3314.935,3282.844,3288.654,85.1963,0.556
2025-08-01,3288.664,3363.695,3281.694,3363.085,82.2799,0.549
2025-08-03,3365.696,3369.415,3354.635,3362.128,2.7462,0.673
2025-08-04,3362.125,3385.455,3345.056,3377.466,76.8881,0.516
2025-08-05,3377.486,3390.476,3349.882,3383.37,62.3554,0.521
2025-08-06,3383.31,3385.346,3358.258,3370.23,60.8863,0.531
2025-08-07,3370.265,3409.83,3365.3,3400.78,168.2586,0.855
2025-08-08,3400.702,3404.882,3375.524,3399.16,344.5096,0.844
2025-08-10,3398.282,3405.382,3390.075,3391.58,3.6954,0.991
2025-08-11,3391.605,3391.838,3341.28,3349.141,139.7344,0.563
2025-08-12,3349.146,3359.449,3331.125,3350.644,86.6781,0.544
2025-08-13,3350.76,3370.835,3342.732,3362.833,68.2876,0.528
2025-08-14,3362.86,3374.85,3329.9,3335.572,76.0073,0.533
2025-08-15,3335.57,3348.905,3332.454,3335.695,46.8458,0.516
2025-08-17,3336.845,3339.181,3323.618,3327.195,2.0421,0.586
2025-08-18,3327.224,3358.484,3326.888,3331.03,65.8521,0.512
2025-08-19,3331.01,3345.445,3312.945,3314.368,61.3034,0.503
2025-08-20,3314.22,3352.244,3311.555,3347.055,69.0223,0.518
2025-08-21,3347.03,3348.194,3325.216,3338.494,45.6192,0.512
2025-08-22,3338.474,3378.835,3321.43,3372.11,69.5475,0.504
2025-08-24,3371.455,3372.292,3365.955,3369.125,2.0367,0.578
2025-08-25,3369.105,3376.375,3351.72,3354.912,40.4606,0.511
2025-08-26,3354.99,3394.485,3351.46,3390.942,66.2595,0.533
2025-08-27,3390.87,3399.41,3373.92,3395.74,56.1064,0.526
2025-08-28,3395.765,3423.202,3384.725,3414.826,69.6119,0.578
2025-08-29,3414.812,3453.88,3404.425,3447.63,80.0596,0.544
2025-08-31,3446.606,3452.88,3442.345,3447.99,3.5644,0.861
2025-09-01,3447.975,3489.905,3437.022,3479.285,72.8335,0.651
2025-09-02,3479.235,3540.107,3470.21,3529.996,124.7895,0.649
2025-09-03,3530.006,3578.42,3526.991,3560.45,105.7022,0.603
2025-09-04,3560.49,3563.512,3511.138,3552.71,85.2763,0.602
2025-09-05,3552.685,3600.175,3544.865,3586.62,87.2178,0.604
2025-09-07,3582.154,3596.982,3578.25,3591.162,9.1763,0.749
2025-09-08,3591.146,3646.37,3579.735,3634.995,90.468,0.589
2025-09-09,3634.955,3674.89,3619.105,3633.635,104.0121,0.621
2025-09-10,3633.66,3658.025,3620.359,3644.955,67.3403,0.564
2025-09-11,3644.975,3649.268,3613.04,3631.924,79.2423,0.562
2025-09-12,3631.93,3656.705,3630.574,3643.21,61.4338,0.554
2025-09-14,3644.37,3646.482,3636.934,3638.26,2.064,0.659
2025-09-15,3638.25,3685.605,3626.512,3676.912,68.2258,0.558
2025-09-16,3676.902,3703.116,3674.81,3694.405,85.833,0.563
2025-09-17,3694.385,3707.696,3646.158,3669.096,96.8866,0.607
2025-09-18,3669.18,3672.892,3627.834,3640.205,81.0649,0.582
2025-09-19,3640.295,3685.287,3632.356,3685.095,84.8677,0.56
2025-09-21,3687.6,3692.29,3683.71,3686.365,3.9177,0.728
2025-09-22,3686.385,3749.236,3685.555,3747.851,78.3034,0.571
2025-09-23,3747.836,3791.175,3736.74,3763.845,103.5311,0.57
2025-09-24,3763.815,3779.25,3717.596,3743.095,87.2657,0.555
2025-09-25,3743.055,3761.714,3722.199,3744.795,91.8779,0.567
2025-09-26,3744.765,3783.875,3734.525,3760.315,80.378,0.553
2025-09-28,3757.01,3772.585,3756.802,3766.926,2.9076,0.693
2025-09-29,3766.912,3834.275,3763.965,3832.94,93.8473,0.56
2025-09-30,3832.97,3871.854,3793.195,3862.995,109.8328,0.581
2025-10-01,3863.0,3895.46,3853.375,3863.485,84.2892,0.591
2025-10-02,3863.515,3897.455,3819.415,3862.465,83.9264,0.641
2025-10-03,3862.425,3891.758,3838.105,3887.325,77.0371,0.596
2025-10-05,3888.905,3920.968,3884.1,3909.654,8.1044,0.893
2025-10-06,3909.688,3976.26,3898.971,3969.616,95.91,0.596
2025-10-07,3969.62,3995.984,3940.964,3994.435,105.4786,0.589
2025-10-08,3994.356,4059.322,3984.41,4011.79,100.7953,0.597
2025-10-09,4011.772,4058.065,3944.42,3989.842,132.9098,0.64
2025-10-10,3989.757,4023.002,3947.104,4018.71,122.9024,0.676
2025-10-12,4001.485,4060.26,4001.418,4035.17,9.3967,1.281
2025-10-13,4035.205,4132.092,4024.63,4128.062,100.2959,0.699
2025-10-14,4128.122,4179.96,4090.378,4161.665,148.013,0.71
2025-10-15,4161.645,4218.364,4153.805,4209.51,127.0063,0.71
2025-10-16,4209.58,4379.928,4203.545,4365.814,130.6465,0.673
2025-10-17,4365.804,4378.73,4186.16,4252.353,190.7431,0.788
2025-10-19,4248.764,4274.598,4233.522,4238.07,8.5763,1.192
2025-10-20,4238.085,4381.556,4219.055,4360.3,135.6642,0.719
2025-10-21,4360.305,4372.336,4080.807,4093.127,177.0235,0.692
2025-10-22,4093.096,4161.46,4004.362,4087.695,176.3653,0.895
2025-10-23,4087.68,4154.795,4065.978,4121.74,114.3798,0.711
2025-10-24,4121.765,4144.485,4043.799,4112.38,98.1787,0.671
2025-10-26,4064.101,4109.162,4061.78,4064.62,7.3744,1.081
2025-10-27,4064.645,4097.879,3971.422,3998.665,141.0976,0.736
2025-10-28,3998.615,4019.788,3886.547,3964.905,104.4498,0.698
2025-10-29,3964.91,4030.308,3917.192,3952.905,114.115,0.76
2025-10-30,3952.925,4046.475,3915.49,4036.698,119.2019,0.713
2025-10-31,4036.6,4039.544,3972.385,4002.453,99.1545,0.699
2025-11-02,3986.0,3999.138,3977.955,3979.89,2.5532,1.081
2025-11-03,3979.76,4030.76,3962.705,3997.315,108.0687,0.729
2025-11-04,3997.36,4000.785,3928.77,3934.646,88.8241,0.611
2025-11-05,3934.67,3990.5,3929.766,3973.825,67.6772,0.577
2025-11-06,3973.785,4019.66,3964.67,3989.25,91.1006,0.677
2025-11-07,3989.28,4027.535,3984.13,4000.945,67.5325,0.61
2025-11-09,3999.8,4012.315,3997.65,4011.915,1.7813,0.897
2025-11-10,4011.945,4122.835,4011.215,4120.005,75.8763,0.566
2025-11-11,4120.258,4149.06,4097.199,4142.7,72.9279,0.565
2025-11-12,4142.665,4211.824,4098.945,4191.305,116.9629,0.604
2025-11-13,4191.29,4245.214,4145.295,4186.105,144.4551,0.655
2025-11-14,4186.17,4211.355,4032.25,4083.085,118.4749,0.637
2025-11-16,4087.1,4106.775,4071.688,4096.486,3.3773,1.221
2025-11-17,4096.516,4101.98,4006.968,4036.8,93.9807,0.628
2025-11-18,4036.86,4082.52,3997.992,4076.95,99.0673,0.584
2025-11-19,4076.91,4132.945,4055.576,4104.54,102.2925,0.571
2025-11-20,4104.64,4110.203,4038.91,4079.165,124.3226,0.681
2025-11-21,4079.15,4101.132,4022.415,4064.935,132.8634,0.704
2025-11-23,4071.5,4077.785,4065.78,4075.19,2.6679,0.921
2025-11-24,4075.175,4144.446,4040.23,4143.856,104.5963,0.7
2025-11-25,4143.666,4159.42,4109.68,4133.885,106.0493,0.704
2025-11-26,4133.905,4173.52,4132.82,4164.786,74.9478,0.706
2025-11-27,4164.54,4167.175,4142.73,4163.335,49.3476,0.616
2025-11-28,4163.24,4227.11,4154.635,4219.272,74.3947,1.503
2025-11-30,4223.252,4231.646,4205.475,4222.04,3.6395,0.971
2025-12-01,4221.935,4264.67,4215.608,4227.606,118.2415,0.652
2025-12-02,4227.702,4230.66,4163.772,4212.735,84.3935,0.608
2025-12-03,4212.705,4241.595,4194.654,4207.388,100.0047,0.595
2025-12-04,4207.373,4219.535,4175.12,4206.258,89.5855,0.588
2025-12-05,4206.289,4259.39,4192.1,4197.935,93.7268,0.573
2025-12-07,4201.81,4204.99,4195.558,4201.52,0.8486,3.136
2025-12-08,4201.695,4219.095,4176.291,4194.818,77.0924,0.591
2025-12-09,4194.765,4221.595,4170.145,4210.766,88.7223,0.585
2025-12-10,4210.752,4238.71,4182.008,4232.55,95.3378,0.595
2025-12-11,4232.54,4285.975,4204.165,4276.415,89.557,0.597
2025-12-12,4276.365,4353.64,4257.395,4299.865,110.1623,0.623
2025-12-14,4300.9,4308.555,4294.716,4302.47,1.9091,1.203
2025-12-15,4302.58,4350.31,4285.328,4304.37,92.2019,0.609
2025-12-16,4304.355,4335.24,4271.545,4308.15,96.0814,0.603
2025-12-17,4308.15,4349.28,4306.574,4339.082,92.141,0.598
2025-12-18,4339.072,4374.73,4308.65,4335.165,108.6141,0.659
2025-12-19,4335.145,4356.62,4309.19,4339.04,77.2119,0.602
2025-12-21,4340.0,4356.402,4337.948,4355.335,2.0237,0.936
2025-12-22,4355.3,4461.832,4355.3,4460.25,83.2468,0.742
2025-12-23,4460.21,4510.605,4430.364,4503.465,112.4393,0.696
2025-12-24,4503.43,4526.075,4448.3,4479.54,107.8458,0.806
2025-12-25,4491.445,4500.04,4483.85,4495.275,2.7987,1.242
2025-12-26,4495.295,4550.13,4492.14,4533.615,162.8988,0.889
2025-12-28,4541.0,4550.352,4523.308,4527.162,6.8045,1.489
2025-12-29,4527.172,4528.135,4301.842,4345.875,166.4638,0.884
2025-12-30,4345.87,4404.386,4324.598,4339.045,154.0353,0.796
2025-12-31,4339.07,4373.4,4274.325,4319.191,134.8573,0.897
2026-01-01,4325.8,4351.475,4324.15,4348.255,1.8339,1.464
2026-01-02,4348.246,4402.352,4310.012,4332.42,91.0783,0.808
2026-01-04,4361.195,4375.995,4345.405,4372.685,4.4616,1.097
2026-01-05,4372.66,4460.195,4370.38,4440.645,118.5711,0.721
2026-01-06,4440.61,4500.536,4427.985,4493.575,140.1975,0.787
2026-01-07,4493.525,4496.02,4423.47,4463.54,123.6691,0.712
2026-01-08,4463.48,4484.242,4407.825,4475.82,122.86,0.717
2026-01-09,4475.78,4517.312,4453.0,4509.968,113.612,0.731
2026-01-11,4521.3,4545.155,4513.155,4540.27,4.2017,1.042
2026-01-12,4540.195,4630.275,4536.475,4599.56,115.8204,0.654
2026-01-13,4599.66,4634.72,4569.63,4597.115,109.5625,0.733
2026-01-14,4597.095,4642.96,4597.04,4615.335,111.1067,0.629
2026-01-15,4615.255,4624.995,4581.165,4610.29,120.4147,0.712
2026-01-16,4610.27,4620.375,4536.785,4596.445,103.0484,0.704
2026-01-18,4627.8,4690.895,4620.445,4672.845,5.932,1.415
2026-01-19,4672.835,4682.214,4653.13,4665.45,63.5649,0.647
2026-01-20,4665.48,4781.25,4659.565,4775.945,103.5269,0.664
2026-01-21,4775.925,4888.438,4755.898,4778.285,111.6402,0.653
2026-01-22,4778.245,4960.705,4772.544,4959.26,82.6104,0.58
2026-01-23,4959.225,4990.25,4899.91,4984.53,79.029,0.624
2026-01-25,5004.85,5040.155,5002.202,5039.805,4.6759,1.293
2026-01-26,5039.89,5111.275,4990.188,5043.555,131.2648,0.599
2026-01-27,5043.55,5190.54,5013.88,5172.355,122.5567,0.646
2026-01-28,5172.415,5598.26,5157.445,5513.228,156.6059,0.709
2026-01-29,5513.92,5595.715,5098.87,5438.505,176.6781,1.04
2026-01-30,5438.545,5451.11,4681.914,4895.635,251.8163,1.808
2026-02-01,4820.55,4823.725,4697.115,4742.898,4.1159,4.309
2026-02-02,4742.838,4885.072,4402.416,4774.715,263.9327,1.944
2026-02-03,4774.74,4993.876,4745.576,4947.77,169.0951,1.116
2026-02-04,4947.775,5091.845,4847.365,5012.495,141.8033,1.035
2026-02-05,5012.305,5020.56,4703.565,4703.875,179.6228,1.31
2026-02-06,4703.86,4971.346,4655.11,4966.9,117.402,1.116
2026-02-08,4981.575,5047.454,4964.878,5036.145,4.9715,1.51
2026-02-09,5036.13,5086.73,4968.82,5032.265,91.3716,0.924
2026-02-10,5032.2,5078.88,4999.1,5042.01,84.9265,0.887
2026-02-11,5041.97,5119.278,5019.048,5061.39,86.4845,0.85
2026-02-12,5061.363,5083.87,4878.25,4920.49,96.5636,0.907
2026-02-13,4920.435,5046.36,4914.039,5042.87,81.4302,0.851
2026-02-15,5043.355,5053.29,5010.17,5020.4,3.7997,1.852
2026-02-16,5020.3,5031.45,4965.142,4989.865,36.0194,0.81
2026-02-17,4989.895,4991.49,4841.9,4859.29,84.7727,0.918
2026-02-18,4859.33,5011.17,4858.342,4976.06,55.8466,0.783
2026-02-19,4976.04,5022.356,4960.432,4987.865,55.6572,0.814
2026-02-20,4987.912,5108.462,4981.725,5107.59,69.321,0.832
2026-02-22,5107.2,5172.0,5099.23,5165.48,4.544,1.109
2026-02-23,5164.71,5249.965,5122.162,5235.765,76.3941,0.78
2026-02-24,5235.815,5238.26,5093.74,5146.785,79.4365,0.83
2026-02-25,5146.82,5217.814,5136.96,5163.375,63.9189,0.793
2026-02-26,5163.395,5205.64,5130.398,5184.775,74.731,0.781
2026-02-27,5184.8,5281.92,5166.965,5278.72,90.9531,0.824
2026-03-01,5375.95,5393.756,5301.145,5387.095,7.3639,1.926
2026-03-02,5387.225,5419.25,5260.805,5346.12,107.201,0.871
2026-03-03,5346.18,5380.193,4996.158,5125.455,142.8061,1.0
2026-03-04,5125.435,5206.325,5105.912,5165.4,108.134,0.831
2026-03-05,5165.37,5194.995,5051.006,5086.305,93.4573,0.828
2026-03-06,5086.255,5177.131,5062.72,5172.75,85.496,0.831
2026-03-08,5181.595,5198.752,5044.112,5076.12,12.7524,1.848
2026-03-09,5075.85,5156.22,5015.07,5139.85,99.7989,0.806
2026-03-10,5139.685,5238.76,5124.784,5197.478,77.3746,0.746
2026-03-11,5197.53,5223.375,5129.83,5134.523,78.253,0.729
2026-03-12,5134.534,5191.692,5055.245,5098.13,74.6937,0.674
2026-03-13,5098.08,5128.58,5009.815,5019.025,71.0371,0.671
2026-03-15,5003.051,5030.67,4967.775,4997.61,8.3443,0.997
2026-03-16,4997.63,5038.045,4970.414,5013.0,80.3318,0.671
2026-03-17,5012.93,5044.72,4973.81,5003.018,64.5812,0.667
2026-03-18,5003.023,5016.42,4804.255,4836.955,130.0058,0.787
2026-03-19,4836.945,4867.325,4502.596,4643.65,135.0252,0.75
2026-03-20,4643.53,4736.295,4477.523,4491.804,125.903,0.757
2026-03-22,4472.704,4536.43,4449.61,4464.79,9.1914,0.928
2026-03-23,4464.805,4513.0,4099.038,4441.24,182.4306,0.917
2026-03-24,4441.22,4551.596,4306.1,4546.978,197.356,0.955
2026-03-25,4546.959,4602.62,4486.869,4498.37,110.8307,0.799
2026-03-26,4498.34,4544.738,4351.374,4405.02,127.1287,0.894
2026-03-27,4405.13,4555.634,4375.59,4494.105,89.5498,0.797
2026-03-29,4493.41,4515.515,4443.958,4448.99,8.1076,1.166
2026-03-30,4449.175,4580.865,4418.624,4513.82,97.195,0.769
2026-03-31,4513.87,4700.32,4482.61,4696.56,105.911,0.84
2026-04-01,4696.46,4800.488,4667.06,4784.23,93.2828,0.914
2026-04-02,4784.25,4798.92,4553.682,4676.305,123.7154,0.851
2026-04-05,4654.324,4666.184,4605.062,4610.612,9.3431,1.453
2026-04-06,4610.642,4706.64,4600.88,4658.95,83.3871,0.897
2026-04-07,4659.55,4836.5,4607.648,4833.672,130.4799,0.944
2026-04-08,4833.68,4857.711,4699.66,4715.67,97.8672,0.803
2026-04-09,4715.83,4801.258,4698.5,4763.79,73.7591,0.78
2026-04-10,4763.84,4795.144,4730.515,4748.14,66.3991,0.739
2026-04-12,4637.85,4692.655,4637.75,4671.55,12.9796,1.328
2026-04-13,4671.57,4765.995,4664.72,4757.72,70.5628,0.731
2026-04-14,4757.76,4850.884,4751.64,4837.29,72.1959,0.729
2026-04-15,4837.32,4871.52,4786.255,4823.56,66.0723,0.676
2026-04-16,4823.35,4838.634,4773.006,4791.86,64.0979,0.704
2026-04-17,4791.83,4890.685,4768.102,4831.008,71.4238,0.722
2026-04-19,4768.654,4795.32,4737.0,4755.3,7.6476,0.906
2026-04-20,4755.35,4833.24,4744.68,4821.84,70.5521,0.704
2026-04-21,4822.15,4830.92,4668.698,4738.15,96.0101,0.7
2026-04-22,4738.12,4772.475,4723.535,4727.88,70.8376,0.632
2026-04-23,4727.86,4753.9,4664.44,4695.38,109.6213,0.618
2026-04-24,4695.355,4740.36,4657.84,4710.27,96.7793,0.603
2026-04-26,4699.575,4705.96,4674.995,4680.165,4.6606,0.777
2026-04-27,4680.055,4730.21,4667.328,4692.045,76.5833,0.57
2026-04-28,4692.2,4701.365,4554.895,4595.7,103.5636,0.597
2026-04-29,4595.72,4610.535,4510.185,4561.685,110.502,0.61
2026-04-30,4561.665,4647.09,4540.875,4626.745,109.994,0.621
2026-05-01,4626.655,4660.37,4560.315,4614.38,75.0127,0.658
2026-05-03,4635.82,4638.828,4611.475,4613.95,4.1622,0.772
2026-05-04,4613.906,4618.715,4501.045,4519.155,96.8492,0.628
2026-05-05,4519.165,4595.77,4513.625,4594.12,77.6854,0.606
2026-05-06,4594.08,4723.1,4588.365,4699.085,103.2996,0.584
2026-05-07,4699.035,4764.855,4676.952,4704.495,121.666,0.607
2026-05-08,4704.435,4749.6,4694.195,4715.47,90.8287,0.602
2026-05-10,4683.048,4701.29,4678.805,4691.85,4.637,0.818
2026-05-11,4691.78,4769.748,4648.195,4767.46,92.5314,0.596
2026-05-12,4767.445,4773.645,4638.53,4717.045,108.161,0.611
2026-05-13,4717.25,4726.956,4669.64,4696.755,90.4292,0.566
2026-05-14,4696.725,4718.842,4644.445,4652.31,112.6931,0.751
2026-05-15,4652.27,4658.475,4511.7,4539.77,131.1219,0.571
2026-05-17,4534.6,4555.03,4529.0,4537.145,6.1243,0.825
2026-05-18,4537.175,4589.158,4480.41,4581.958,128.5997,0.612
2026-05-19,4582.154,4589.635,4464.994,4489.39,107.0981,0.616
2026-05-20,4489.41,4552.95,4453.545,4546.535,114.7299,0.652
2026-05-21,4546.522,4570.965,4488.6,4535.555,117.9488,0.614
2026-05-22,4535.59,4541.27,4491.945,4509.64,93.3153,0.622
2026-05-24,4536.8,4580.34,4534.33,4567.08,9.6042,0.763
2026-05-25,4567.105,4580.549,4550.61,4559.77,45.9088,0.614
2026-05-26,4559.905,4560.124,4482.58,4519.645,92.5688,0.629
2026-05-27,4519.572,4525.99,4401.598,4447.328,93.1842,0.627
2026-05-28,4447.318,4516.656,4366.451,4495.264,102.6499,0.79
2026-05-29,4495.294,4595.715,4492.198,4538.35,67.0737,0.743
2026-05-31,4522.328,4545.845,4518.25,4539.695,5.2206,0.813
2026-06-01,4539.66,4546.06,4447.87,4484.63,71.2081,0.634
2026-06-02,4484.794,4541.71,4462.25,4474.485,68.9826,0.627
2026-06-03,4474.455,4496.81,4424.05,4457.48,82.384,0.667
2026-06-04,4457.558,4515.51,4443.34,4461.74,84.6462,0.628
2026-06-05,4461.77,4475.945,4311.822,4329.505,105.6899,0.609
2026-06-07,4329.5,4347.138,4310.186,4344.1,8.0943,0.804
2026-06-08,4344.18,4353.384,4268.515,4317.955,105.8303,0.599
2026-06-09,4317.915,4363.54,4210.46,4222.145,117.6409,0.649
2026-06-10,4222.155,4228.445,4023.93,4047.205,126.0732,0.621
2026-06-11,4047.45,4246.75,4036.132,4219.975,128.5749,0.651
2026-06-12,4219.881,4235.596,4170.205,4219.78,95.5091,0.609
2026-06-14,4274.172,4308.9,4262.055,4294.205,6.1699,0.948
2026-06-15,4294.19,4369.714,4285.53,4315.745,71.6618,0.605
2026-06-16,4315.725,4355.115,4307.028,4331.075,71.3846,0.565
2026-06-17,4331.105,4382.375,4219.209,4278.01,82.9762,0.603
2026-06-18,4278.03,4330.15,4187.085,4188.455,90.638,0.601
2026-06-19,4188.297,4198.32,4121.717,4154.65,50.4739,0.604
2026-06-21,4142.2,4164.835,4136.495,4140.33,5.8448,0.719
2026-06-22,4140.36,4221.116,4140.095,4187.815,83.6916,0.625
2026-06-23,4187.66,4198.83,4080.88,4099.415,108.415,0.714
2026-06-24,4099.335,4112.345,3959.0,4012.55,111.5436,0.646
2026-06-25,4012.525,4044.192,3962.535,4014.605,108.9171,0.673
2026-06-26,4014.555,4096.17,3983.02,4089.42,98.7454,0.695
2026-06-28,4088.5,4088.5,4051.935,4062.925,5.9315,0.843
2026-06-29,4062.895,4075.83,4000.141,4014.995,91.309,0.637
2026-06-30,4014.955,4063.565,3942.056,4005.835,89.0268,0.782
2026-07-01,4006.1,4115.87,3960.19,4035.355,76.4255,0.753
2026-07-02,4035.325,4144.08,4030.865,4126.335,89.3105,0.699
2026-07-03,4126.16,4195.71,4123.005,4175.635,46.2669,0.689
2026-07-05,4185.39,4202.09,4173.075,4183.26,3.2419,0.931
2026-07-06,4184.165,4203.255,4128.445,4157.325,67.1356,0.628
2026-07-07,4157.285,4180.605,4092.195,4098.43,75.2277,0.69
2026-07-08,4098.65,4134.005,4021.885,4076.335,114.8978,0.751
2026-07-09,4076.145,4138.525,4054.32,4123.515,75.5067,0.714
2026-07-10,4123.465,4134.965,4072.95,4121.42,62.4886,0.689
2026-07-12,4095.605,4104.475,4068.655,4084.565,3.5883,1.02
2026-07-13,4084.585,4091.215,3986.015,4001.185,91.0969,0.76
2026-07-14,4001.215,4103.915,3983.715,4052.98,74.8734,0.816
2026-07-15,4053.085,4081.285,4017.48,4058.155,88.1743,0.709
2026-07-16,4058.22,4061.455,3969.4,3986.235,101.3386,0.701
2026-07-17,3986.27,4024.005,3959.825,4017.55,99.618,0.71
2026-07-19,4003.35,4008.13,3989.595,3995.565,2.7183,1.032
2026-07-20,3995.425,4040.805,3982.37,4010.155,91.2417,0.684
2026-07-21,4010.025,4087.05,4003.93,4080.785,73.5912,0.746
2026-07-22,4080.895,4166.025,4076.73,4133.515,92.2341,0.647
2026-07-23,4133.6,4141.29,4039.975,4047.155,92.3349,0.635
2026-07-24,4047.12,4082.24,4022.045,4052.46,59.5832,0.632
2026-07-26,4090.78,4097.62,4083.215,4094.22,1.5056,1.707
2026-07-27,4094.49,4116.56,4065.385,4073.49,49.8537,0.677
2026-07-28,4073.37,4074.27,4011.665,4025.025,37.9543,0.668
2026-07-29,4025.155,4116.465,3995.94,4084.64,59.3773,0.666
2026-07-30,4085.135,4120.482,4028.55,4105.99,68.1943,0.643
2026-07-31,4106.245,4107.14,4020.885,4046.57,53.7371,0.63
2026-08-02,4083.11,4083.11,4062.715,4075.15,1.7556,1.806
2026-08-03,4075.04,4079.535,4019.165,4054.125,49.123,0.624
2026-08-04,4053.94,4106.744,4042.73,4072.6,52.3951,0.627
2026-08-05,4072.71,4282.16,4070.555,4278.35,57.4147,0.659
2026-08-06,4278.375,4304.165,4223.495,4252.3,61.8275,0.617
2026-08-07,4252.4,4371.975,4229.755,4343.08,62.3765,0.634
2026-08-09,4345.485,4354.575,4332.314,4332.845,1.5516,2.218
2026-08-10,4332.77,4403.021,4313.46,4402.435,43.5237,0.742
2026-08-11,4402.56,4435.255,4356.635,4371.54,59.5885,0.658
2026-08-12,4371.635,4441.665,4366.455,4414.48,54.8492,0.685
2026-08-13,4414.37,4449.835,4343.75,4356.42,57.1101,0.701
2026-08-14,4356.24,4397.055,4310.77,4377.54,48.8187,0.653
2026-08-16,4378.7,4386.755,4367.26,4370.5,1.4228,1.003
2026-08-17,4370.635,4428.95,4367.99,4425.98,46.0503,0.653
2026-08-18,4425.875,4436.275,4327.115,4333.165,57.3654,0.698
2026-08-19,4333.3,4528.22,4324.395,4511.52,57.8783,0.609
2026-08-20,4511.365,4541.215,4450.69,4526.535,66.3614,0.639
2026-08-21,4526.425,4632.26,4508.88,4604.31,57.0189,0.66
2026-08-23,4618.545,4624.735,4604.67,4624.145,1.9926,0.983
2026-08-24,4624.005,4683.195,4594.425,4679.955,63.9109,0.752
2026-08-25,4680.285,4697.055,4605.155,4655.01,70.375,0.677
2026-08-26,4654.975,4670.93,4583.055,4623.58,58.9983,0.654
2026-08-27,4623.455,4643.02,4564.645,4594.525,53.3264,0.696
2026-08-28,4594.645,4631.94,4445.555,4452.54,68.9776,0.699
2026-08-30,4432.6,4466.93,4432.44,4458.55,2.7993,0.85
2026-08-31,4458.685,4472.155,4396.45,4452.235,68.6287,0.614
2026-09-01,4452.53,4461.605,4322.895,4324.7,74.1265,0.65
